DT_GERACAO;HH_GERACAO;ANO_ELEICAO;CD_PLEITO;DT_PLEITO;NR_TURNO;CD_ELEICAO;DS_ELEICAO;DT_ELEICAO;SG_ UF;CD_MUNICIPIO;NM_MUNICIPIO;NR_ZONA;NR_SECAO;NR_LOCAL_VOTACAO;CD_CARGO_PERGUNTA;DS_CARGO_PERGUNTA;NR_PARTIDO;SG_PARTIDO;NM_PARTIDO;QT_APTOS;QT_COMPARECIMENTO;QT_ABSTENCOES;CD_TIPO_URNA;DS_TIPO_URNA;CD_TIPO_VOTAVEL;DS_TIPO_VOTAVEL;NR_VOTAVEL;NM_VOTAVEL;QT_VOTOS;NR_URNA_EFETIVADA;CD_CARGA_1_URNA_EFETIVADA;CD_CARGA_2_URNA_EFETIVADA;CD_FLASCARD_URNA_EFETIVADA;DT_CARGA_URNA_EFETIVADA;DS_CARGO_PERGUNTA_SECAO;DS_AGREGADAS;DT_ABERTURA;DT_ENCERRAMENTO;QT_ELEITORES_BIOMETRIA_NH;NR_JUNTA_APURADORA;NR_TURMA_APURADORA
10/10/2018;19:38:23;2018;228;07/10/2018;1;295;Eleição Geral Federal 2018;07/10/2018;AC;1538;SENADOR GUIOMARD;8;134;1139;1;Presidente;12;PDT;Partido Democrático Trabalhista;266;237;29;1;Apurada;1;Nominal;12;CIRO GOMES;6;1000413;772.665.515.250.899.777.;477.301;C050F90C;26/09/2018 15:28;1 - 134;#NULO#;07/10/2018 08:00;07/10/2018 17:50;19;#NULO#;#NULO#
10/10/2018;19:38:23;2018;228;07/10/2018;1;295;Eleição Geral Federal 2018;07/10/2018;AC;1538;SENADOR GUIOMARD;8;134;1139;1;Presidente;13;PT;Partido dos Trabalhadores;266;237;29;1;Apurada;1;Nominal;13;FERNANDO HADDAD;40;1000413;772.665.515.250.899.777.;477.301;C050F90C;26/09/2018 15:28;1 - 134;#NULO#;07/10/2018 08:00;07/10/2018 17:50;19;#NULO#;#NULO#
10/10/2018;19:38:23;2018;228;07/10/2018;1;295;Eleição Geral Federal 2018;07/10/2018;AC;1538;SENADOR GUIOMARD;8;134;1139;1;Presidente;15;MDB;Movimento Democrático Brasileiro;266;237;29;1;Apurada;1;Nominal;15;HENRIQUE MEIRELLES;3;1000413;772.665.515.250.899.777.;477.301;C050F90C;26/09/2018 15:28;1 - 134;#NULO#;07/10/2018 08:00;07/10/2018 17:50;19;#NULO#;#NULO#
10/10/2018;19:38:23;2018;228;07/10/2018;1;295;Eleição Geral Federal 2018;07/10/2018;AC;1538;SENADOR GUIOMARD;8;134;1139;1;Presidente;17;PSL;Partido Social Liberal;266;237;29;1;Apurada;1;Nominal;17;JAIR BOLSONARO;133;1000413;772.665.515.250.899.777.;477.301;C050F90C;26/09/2018 15:28;1 - 134;#NULO#;07/10/2018 08:00;07/10/2018 17:50;19;#NULO#;#NULO#
10/10/2018;19:38:23;2018;228;07/10/2018;1;295;Eleição Geral Federal 2018;07/10/2018;AC;1538;SENADOR GUIOMARD;8;134;1139;1;Presidente;18;REDE;Rede Sustentabilidade;266;237;29;1;Apurada;1;Nominal;18;MARINA SILVA;2;1000413;772.665.515.250.899.777.;477.301;C050F90C;26/09/2018 15:28;1 - 134;#NULO#;07/10/2018 08:00;07/10/2018 17:50;19;#NULO#;#NULO#
10/10/2018;19:38:23;2018;228;07/10/2018;1;295;Eleição Geral Federal 2018;07/10/2018;AC;1538;SENADOR GUIOMARD;8;134;1139;1;Presidente;45;PSDB;Partido da Social Democracia Brasileira;266;237;29;1;Apurada;1;Nominal;45;GERALDO ALCKMIN;36;1000413;772.665.515.250.899.777.;477.301;C050F90C;26/09/2018 15:28;1 - 134;#NULO#;07/10/2018 08:00;07/10/2018 17:50;19;#NULO#;#NULO#
10/10/2018;19:38:23;2018;228;07/10/2018;1;295;Eleição Geral Federal 2018;07/10/2018;AC;1538;SENADOR GUIOMARD;8;134;1139;1;Presidente;51;PATRI;Patriota;266;237;29;1;Apurada;1;Nominal;51;CABO DACIOLO;7;1000413;772.665.515.250.899.777.;477.301;C050F90C;26/09/2018 15:28;1 - 134;#NULO#;07/10/2018 08:00;07/10/2018 17:50;19;#NULO#;#NULO#
10/10/2018;19:38:23;2018;228;07/10/2018;1;297;Eleições Gerais Estaduais 2018;07/10/2018;AC;1538;SENADOR GUIOMARD;8;134;1139;3;Governador;#NULO#;#NULO#;#NULO#;266;237;29;1;Apurada;2;Branco;95;Branco;5;1000413;772.665.515.250.899.777.;477.301;C050F90C;26/09/2018 15:28;3 - 134;#NULO#;07/10/2018 08:00;07/10/2018 17:50;19;#NULO#;#NULO#
10/10/2018;19:38:23;2018;228;07/10/2018;1;297;Eleições Gerais Estaduais 2018;07/10/2018;AC;1538;SENADOR GUIOMARD;8;134;1139;3;Governador;#NULO#;#NULO#;#NULO#;266;237;29;1;Apurada;3;Nulo;96;Nulo;8;1000413;772.665.515.250.899.777.;477.301;C050F90C;26/09/2018 15:28;3 - 134;#NULO#;07/10/2018 08:00;07/10/2018 17:50;19;#NULO#;#NULO#
10/10/2018;19:38:23;2018;228;07/10/2018;1;297;Eleições Gerais Estaduais 2018;07/10/2018;AC;1538;SENADOR GUIOMARD;8;134;1139;3;Governador;11;PP;Partido Progressista;266;237;29;1;Apurada;1;Nominal;11;GLADSON CAMELI;130;1000413;772.665.515.250.899.777.;477.301;C050F90C;26/09/2018 15:28;3 - 134;#NULO#;07/10/2018 08:00;07/10/2018 17:50;19;#NULO#;#NULO#
10/10/2018;19:38:23;2018;228;07/10/2018;1;297;Eleições Gerais Estaduais 2018;07/10/2018;AC;1538;SENADOR GUIOMARD;8;134;1139;3;Governador;13;PT;Partido dos Trabalhadores;266;237;29;1;Apurada;1;Nominal;13;MARCUS ALEXANDRE;70;1000413;772.665.515.250.899.777.;477.301;C050F90C;26/09/2018 15:28;3 - 134;#NULO#;07/10/2018 08:00;07/10/2018 17:50;19;#NULO#;#NULO#
10/10/2018;19:38:23;2018;228;07/10/2018;1;297;Eleições Gerais Estaduais 2018;07/10/2018;AC;1538;SENADOR GUIOMARD;8;134;1139;3;Governador;17;PSL;Partido Social Liberal;266;237;29;1;Apurada;1;Nominal;17;CORONEL ULYSSES;23;1000413;772.665.515.250.899.777.;477.301;C050F90C;26/09/2018 15:28;3 - 134;#NULO#;07/10/2018 08:00;07/10/2018 17:50;19;#NULO#;#NULO#
10/10/2018;19:38:23;2018;228;07/10/2018;1;297;Eleições Gerais Estaduais 2018;07/10/2018;AC;1538;SENADOR GUIOMARD;8;134;1139;3;Governador;18;REDE;Rede Sustentabilidade;266;237;29;1;Apurada;1;Nominal;18;JANAINA FURTADO;1;1000413;772.665.515.250.899.777.;477.301;C050F90C;26/09/2018 15:28;3 - 134;#NULO#;07/10/2018 08:00;07/10/2018 17:50;19;#NULO#;#NULO#
10/10/2018;19:38:23;2018;228;07/10/2018;1;297;Eleições Gerais Estaduais 2018;07/10/2018;AC;1538;SENADOR GUIOMARD;8;134;1139;5;Senador;#NULO#;#NULO#;#NULO#;266;237;29;1;Apurada;2;Branco;95;Branco;15;1000413;772.665.515.250.899.777.;477.301;C050F90C;26/09/2018 15:28;5 - 134;#NULO#;07/10/2018 08:00;07/10/2018 17:50;19;#NULO#;#NULO#
10/10/2018;19:38:23;2018;228;07/10/2018;1;297;Eleições Gerais Estaduais 2018;07/10/2018;AC;1538;SENADOR GUIOMARD;8;134;1139;5;Senador;#NULO#;#NULO#;#NULO#;266;237;29;1;Apurada;3;Nulo;96;Nulo;35;1000413;772.665.515.250.899.777.;477.301;C050F90C;26/09/2018 15:28;5 - 134;#NULO#;07/10/2018 08:00;07/10/2018 17:50;19;#NULO#;#NULO#
10/10/2018;19:38:23;2018;228;07/10/2018;1;297;Eleições Gerais Estaduais 2018;07/10/2018;AC;1538;SENADOR GUIOMARD;8;134;1139;5;Senador;13;PT;Partido dos Trabalhadores;266;237;29;1;Apurada;1;Nominal;131;JORGE VIANA;45;1000413;772.665.515.250.899.777.;477.301;C050F90C;26/09/2018 15:28;5 - 134;#NULO#;07/10/2018 08:00;07/10/2018 17:50;19;#NULO#;#NULO#
10/10/2018;19:38:23;2018;228;07/10/2018;1;297;Eleições Gerais Estaduais 2018;07/10/2018;AC;1538;SENADOR GUIOMARD;8;134;1139;5;Senador;13;PT;Partido dos Trabalhadores;266;237;29;1;Apurada;1;Nominal;133;NEY AMORIM;48;1000413;772.665.515.250.899.777.;477.301;C050F90C;26/09/2018 15:28;5 - 134;#NULO#;07/10/2018 08:00;07/10/2018 17:50;19;#NULO#;#NULO#
10/10/2018;19:38:23;2018;228;07/10/2018;1;297;Eleições Gerais Estaduais 2018;07/10/2018;AC;1538;SENADOR GUIOMARD;8;134;1139;5;Senador;15;MDB;Movimento Democrático Brasileiro;266;237;29;1;Apurada;1;Nominal;151;MÁRCIO BITTAR;125;1000413;772.665.515.250.899.777.;477.301;C050F90C;26/09/2018 15:28;5 - 134;#NULO#;07/10/2018 08:00;07/10/2018 17:50;19;#NULO#;#NULO#
10/10/2018;19:38:23;2018;228;07/10/2018;1;297;Eleições Gerais Estaduais 2018;07/10/2018;AC;1538;SENADOR GUIOMARD;8;134;1139;5;Senador;17;PSL;Partido Social Liberal;266;237;29;1;Apurada;1;Nominal;177;PEDRAZZA;11;1000413;772.665.515.250.899.777.;477.301;C050F90C;26/09/2018 15:28;5 - 134;#NULO#;07/10/2018 08:00;07/10/2018 17:50;19;#NULO#;#NULO#
10/10/2018;19:38:23;2018;228;07/10/2018;1;297;Eleições Gerais Estaduais 2018;07/10/2018;AC;1538;SENADOR GUIOMARD;8;134;1139;5;Senador;18;REDE;Rede Sustentabilidade;266;237;29;1;Apurada;1;Nominal;181;MINORU KINPARA;47;1000413;772.665.515.250.899.777.;477.301;C050F90C;26/09/2018 15:28;5 - 134;#NULO#;07/10/2018 08:00;07/10/2018 17:50;19;#NULO#;#NULO#
10/10/2018;19:38:23;2018;228;07/10/2018;1;297;Eleições Gerais Estaduais 2018;07/10/2018;AC;1538;SENADOR GUIOMARD;8;134;1139;5;Senador;55;PSD;Partido Social Democrático;266;237;29;1;Apurada;1;Nominal;555;PETECÃO;148;1000413;772.665.515.250.899.777.;477.301;C050F90C;26/09/2018 15:28;5 - 134;#NULO#;07/10/2018 08:00;07/10/2018 17:50;19;#NULO#;#NULO#
10/10/2018;19:38:23;2018;228;07/10/2018;1;297;Eleições Gerais Estaduais 2018;07/10/2018;AC;1538;SENADOR GUIOMARD;8;134;1139;6;Deputado Federal;#NULO#;#NULO#;#NULO#;266;237;29;1;Apurada;2;Branco;95;Branco;9;1000413;772.665.515.250.899.777.;477.301;C050F90C;26/09/2018 15:28;6 - 134;#NULO#;07/10/2018 08:00;07/10/2018 17:50;19;#NULO#;#NULO#
10/10/2018;19:38:23;2018;228;07/10/2018;1;297;Eleições Gerais Estaduais 2018;07/10/2018;AC;1538;SENADOR GUIOMARD;8;134;1139;6;Deputado Federal;#NULO#;#NULO#;#NULO#;266;237;29;1;Apurada;3;Nulo;96;Nulo;5;1000413;772.665.515.250.899.777.;477.301;C050F90C;26/09/2018 15:28;6 - 134;#NULO#;07/10/2018 08:00;07/10/2018 17:50;19;#NULO#;#NULO#
10/10/2018;19:38:23;2018;228;07/10/2018;1;297;Eleições Gerais Estaduais 2018;07/10/2018;AC;1538;SENADOR GUIOMARD;8;134;1139;6;Deputado Federal;10;PRB;Partido Republicano Brasileiro;266;237;29;1;Apurada;1;Nominal;1010;PASTOR MANUEL MARCOS;8;1000413;772.665.515.250.899.777.;477.301;C050F90C;26/09/2018 15:28;6 - 134;#NULO#;07/10/2018 08:00;07/10/2018 17:50;19;#NULO#;#NULO#
10/10/2018;19:38:23;2018;228;07/10/2018;1;297;Eleições Gerais Estaduais 2018;07/10/2018;AC;1538;SENADOR GUIOMARD;8;134;1139;6;Deputado Federal;10;PRB;Partido Republicano Brasileiro;266;237;29;1;Apurada;4;Legenda;10;PRB;3;1000413;772.665.515.250.899.777.;477.301;C050F90C;26/09/2018 15:28;6 - 134;#NULO#;07/10/2018 08:00;07/10/2018 17:50;19;#NULO#;#NULO#
10/10/2018;19:38:23;2018;228;07/10/2018;1;297;Eleições Gerais Estaduais 2018;07/10/2018;AC;1538;SENADOR GUIOMARD;8;134;1139;6;Deputado Federal;11;PP;Partido Progressista;266;237;29;1;Apurada;1;Nominal;1111;JUNIOR PARIS DAKAR;2;1000413;772.665.515.250.899.777.;477.301;C050F90C;26/09/2018 15:28;6 - 134;#NULO#;07/10/2018 08:00;07/10/2018 17:50;19;#NULO#;#NULO#
10/10/2018;19:38:23;2018;228;07/10/2018;1;297;Eleições Gerais Estaduais 2018;07/10/2018;AC;1538;SENADOR GUIOMARD;8;134;1139;6;Deputado Federal;11;PP;Partido Progressista;266;237;29;1;Apurada;1;Nominal;1122;RUDILEI ESTRELA;1;1000413;772.665.515.250.899.777.;477.301;C050F90C;26/09/2018 15:28;6 - 134;#NULO#;07/10/2018 08:00;07/10/2018 17:50;19;#NULO#;#NULO#
10/10/2018;19:38:23;2018;228;07/10/2018;1;297;Eleições Gerais Estaduais 2018;07/10/2018;AC;1538;SENADOR GUIOMARD;8;134;1139;6;Deputado Federal;11;PP;Partido Progressista;266;237;29;1;Apurada;1;Nominal;1144;NELSON SALES;4;1000413;772.665.515.250.899.777.;477.301;C050F90C;26/09/2018 15:28;6 - 134;#NULO#;07/10/2018 08:00;07/10/2018 17:50;19;#NULO#;#NULO#
10/10/2018;19:38:23;2018;228;07/10/2018;1;297;Eleições Gerais Estaduais 2018;07/10/2018;AC;1538;SENADOR GUIOMARD;8;134;1139;6;Deputado Federal;12;PDT;Partido Democrático Trabalhista;266;237;29;1;Apurada;1;Nominal;1200;EURICO CORDEIRO;1;1000413;772.665.515.250.899.777.;477.301;C050F90C;26/09/2018 15:28;6 - 134;#NULO#;07/10/2018 08:00;07/10/2018 17:50;19;#NULO#;#NULO#
10/10/2018;19:38:23;2018;228;07/10/2018;1;297;Eleições Gerais Estaduais 2018;07/10/2018;AC;1538;SENADOR GUIOMARD;8;134;1139;6;Deputado Federal;12;PDT;Partido Democrático Trabalhista;266;237;29;1;Apurada;1;Nominal;1212;JESUS SÉRGIO;3;1000413;772.665.515.250.899.777.;477.301;C050F90C;26/09/2018 15:28;6 - 134;#NULO#;07/10/2018 08:00;07/10/2018 17:50;19;#NULO#;#NULO#
10/10/2018;19:38:23;2018;228;07/10/2018;1;297;Eleições Gerais Estaduais 2018;07/10/2018;AC;1538;SENADOR GUIOMARD;8;134;1139;6;Deputado Federal;12;PDT;Partido Democrático Trabalhista;266;237;29;1;Apurada;1;Nominal;1222;PEDRO DO DAYANE;5;1000413;772.665.515.250.899.777.;477.301;C050F90C;26/09/2018 15:28;6 - 134;#NULO#;07/10/2018 08:00;07/10/2018 17:50;19;#NULO#;#NULO#
10/10/2018;19:38:23;2018;228;07/10/2018;1;297;Eleições Gerais Estaduais 2018;07/10/2018;AC;1538;SENADOR GUIOMARD;8;134;1139;6;Deputado Federal;12;PDT;Partido Democrático Trabalhista;266;237;29;1;Apurada;1;Nominal;1233;EBER MACHADO;2;1000413;772.665.515.250.899.777.;477.301;C050F90C;26/09/2018 15:28;6 - 134;#NULO#;07/10/2018 08:00;07/10/2018 17:50;19;#NULO#;#NULO#
10/10/2018;19:38:23;2018;228;07/10/2018;1;297;Eleições Gerais Estaduais 2018;07/10/2018;AC;1538;SENADOR GUIOMARD;8;134;1139;6;Deputado Federal;12;PDT;Partido Democrático Trabalhista;266;237;29;1;Apurada;1;Nominal;1234;JOSÉ ADRIANO;3;1000413;772.665.515.250.899.777.;477.301;C050F90C;26/09/2018 15:28;6 - 134;#NULO#;07/10/2018 08:00;07/10/2018 17:50;19;#NULO#;#NULO#
10/10/2018;19:38:23;2018;228;07/10/2018;1;297;Eleições Gerais Estaduais 2018;07/10/2018;AC;1538;SENADOR GUIOMARD;8;134;1139;6;Deputado Federal;12;PDT;Partido Democrático Trabalhista;266;237;29;1;Apurada;1;Nominal;1255;CRISTOVAM MOURA;1;1000413;772.665.515.250.899.777.;477.301;C050F90C;26/09/2018 15:28;6 - 134;#NULO#;07/10/2018 08:00;07/10/2018 17:50;19;#NULO#;#NULO#
10/10/2018;19:38:23;2018;228;07/10/2018;1;297;Eleições Gerais Estaduais 2018;07/10/2018;AC;1538;SENADOR GUIOMARD;8;134;1139;6;Deputado Federal;13;PT;Partido dos Trabalhadores;266;237;29;1;Apurada;1;Nominal;1313;SIBÁ MACHADO;2;1000413;772.665.515.250.899.777.;477.301;C050F90C;26/09/2018 15:28;6 - 134;#NULO#;07/10/2018 08:00;07/10/2018 17:50;19;#NULO#;#NULO#
10/10/2018;19:38:23;2018;228;07/10/2018;1;297;Eleições Gerais Estaduais 2018;07/10/2018;AC;1538;SENADOR GUIOMARD;8;134;1139;6;Deputado Federal;13;PT;Partido dos Trabalhadores;266;237;29;1;Apurada;1;Nominal;1331;LEO DE BRITO;6;1000413;772.665.515.250.899.777.;477.301;C050F90C;26/09/2018 15:28;6 - 134;#NULO#;07/10/2018 08:00;07/10/2018 17:50;19;#NULO#;#NULO#
10/10/2018;19:38:23;2018;228;07/10/2018;1;297;Eleições Gerais Estaduais 2018;07/10/2018;AC;1538;SENADOR GUIOMARD;8;134;1139;6;Deputado Federal;13;PT;Partido dos Trabalhadores;266;237;29;1;Apurada;4;Legenda;13;PT;1;1000413;772.665.515.250.899.777.;477.301;C050F90C;26/09/2018 15:28;6 - 134;#NULO#;07/10/2018 08:00;07/10/2018 17:50;19;#NULO#;#NULO#
10/10/2018;19:38:23;2018;228;07/10/2018;1;297;Eleições Gerais Estaduais 2018;07/10/2018;AC;1538;SENADOR GUIOMARD;8;134;1139;6;Deputado Federal;14;PTB;Partido Trabalhista Brasileiro;266;237;29;1;Apurada;1;Nominal;1414;CHARLENE LIMA;1;1000413;772.665.515.250.899.777.;477.301;C050F90C;26/09/2018 15:28;6 - 134;#NULO#;07/10/2018 08:00;07/10/2018 17:50;19;#NULO#;#NULO#
10/10/2018;19:38:23;2018;228;07/10/2018;1;297;Eleições Gerais Estaduais 2018;07/10/2018;AC;1538;SENADOR GUIOMARD;8;134;1139;6;Deputado Federal;15;MDB;Movimento Democrático Brasileiro;266;237;29;1;Apurada;1;Nominal;1515;JÉSSICA SALES;1;1000413;772.665.515.250.899.777.;477.301;C050F90C;26/09/2018 15:28;6 - 134;#NULO#;07/10/2018 08:00;07/10/2018 17:50;19;#NULO#;#NULO#
10/10/2018;19:38:23;2018;228;07/10/2018;1;297;Eleições Gerais Estaduais 2018;07/10/2018;AC;1538;SENADOR GUIOMARD;8;134;1139;6;Deputado Federal;15;MDB;Movimento Democrático Brasileiro;266;237;29;1;Apurada;1;Nominal;1555;FLAVIANO MELO;6;1000413;772.665.515.250.899.777.;477.301;C050F90C;26/09/2018 15:28;6 - 134;#NULO#;07/10/2018 08:00;07/10/2018 17:50;19;#NULO#;#NULO#
10/10/2018;19:38:23;2018;228;07/10/2018;1;297;Eleições Gerais Estaduais 2018;07/10/2018;AC;1538;SENADOR GUIOMARD;8;134;1139;6;Deputado Federal;17;PSL;Partido Social Liberal;266;237;29;1;Apurada;1;Nominal;1712;DANIELA PAIVA;1;1000413;772.665.515.250.899.777.;477.301;C050F90C;26/09/2018 15:28;6 - 134;#NULO#;07/10/2018 08:00;07/10/2018 17:50;19;#NULO#;#NULO#
10/10/2018;19:38:23;2018;228;07/10/2018;1;297;Eleições Gerais Estaduais 2018;07/10/2018;AC;1538;SENADOR GUIOMARD;8;134;1139;6;Deputado Federal;17;PSL;Partido Social Liberal;266;237;29;1;Apurada;1;Nominal;1717;TIÃO BOCALOM;10;1000413;772.665.515.250.899.777.;477.301;C050F90C;26/09/2018 15:28;6 - 134;#NULO#;07/10/2018 08:00;07/10/2018 17:50;19;#NULO#;#NULO#
10/10/2018;19:38:23;2018;228;07/10/2018;1;297;Eleições Gerais Estaduais 2018;07/10/2018;AC;1538;SENADOR GUIOMARD;8;134;1139;6;Deputado Federal;17;PSL;Partido Social Liberal;266;237;29;1;Apurada;4;Legenda;17;PSL;1;1000413;772.665.515.250.899.777.;477.301;C050F90C;26/09/2018 15:28;6 - 134;#NULO#;07/10/2018 08:00;07/10/2018 17:50;19;#NULO#;#NULO#
10/10/2018;19:38:23;2018;228;07/10/2018;1;297;Eleições Gerais Estaduais 2018;07/10/2018;AC;1538;SENADOR GUIOMARD;8;134;1139;6;Deputado Federal;19;PODE;Podemos;266;237;29;1;Apurada;4;Legenda;19;PODE;1;1000413;772.665.515.250.899.777.;477.301;C050F90C;26/09/2018 15:28;6 - 134;#NULO#;07/10/2018 08:00;07/10/2018 17:50;19;#NULO#;#NULO#
10/10/2018;19:38:23;2018;228;07/10/2018;1;297;Eleições Gerais Estaduais 2018;07/10/2018;AC;1538;SENADOR GUIOMARD;8;134;1139;6;Deputado Federal;20;PSC;Partido Social Cristão;266;237;29;1;Apurada;1;Nominal;2020;JAMYL ASFURY;1;1000413;772.665.515.250.899.777.;477.301;C050F90C;26/09/2018 15:28;6 - 134;#NULO#;07/10/2018 08:00;07/10/2018 17:50;19;#NULO#;#NULO#
10/10/2018;19:38:23;2018;228;07/10/2018;1;297;Eleições Gerais Estaduais 2018;07/10/2018;AC;1538;SENADOR GUIOMARD;8;134;1139;6;Deputado Federal;22;PR;Partido da República;266;237;29;1;Apurada;1;Nominal;2222;ANTÔNIA LÚCIA;26;1000413;772.665.515.250.899.777.;477.301;C050F90C;26/09/2018 15:28;6 - 134;#NULO#;07/10/2018 08:00;07/10/2018 17:50;19;#NULO#;#NULO#
10/10/2018;19:38:23;2018;228;07/10/2018;1;297;Eleições Gerais Estaduais 2018;07/10/2018;AC;1538;SENADOR GUIOMARD;8;134;1139;6;Deputado Federal;23;PPS;Partido Popular Socialista;266;237;29;1;Apurada;1;Nominal;2323;ROSANA NASCIMENTO;1;1000413;772.665.515.250.899.777.;477.301;C050F90C;26/09/2018 15:28;6 - 134;#NULO#;07/10/2018 08:00;07/10/2018 17:50;19;#NULO#;#NULO#
10/10/2018;19:38:23;2018;228;07/10/2018;1;297;Eleições Gerais Estaduais 2018;07/10/2018;AC;1538;SENADOR GUIOMARD;8;134;1139;6;Deputado Federal;25;DEM;Democratas;266;237;29;1;Apurada;1;Nominal;2525;ALAN RICK;13;1000413;772.665.515.250.899.777.;477.301;C050F90C;26/09/2018 15:28;6 - 134;#NULO#;07/10/2018 08:00;07/10/2018 17:50;19;#NULO#;#NULO#
10/10/2018;19:38:23;2018;228;07/10/2018;1;297;Eleições Gerais Estaduais 2018;07/10/2018;AC;1538;SENADOR GUIOMARD;8;134;1139;6;Deputado Federal;25;DEM;Democratas;266;237;29;1;Apurada;4;Legenda;25;DEM;1;1000413;772.665.515.250.899.777.;477.301;C050F90C;26/09/2018 15:28;6 - 134;#NULO#;07/10/2018 08:00;07/10/2018 17:50;19;#NULO#;#NULO#
10/10/2018;19:38:23;2018;228;07/10/2018;1;297;Eleições Gerais Estaduais 2018;07/10/2018;AC;1538;SENADOR GUIOMARD;8;134;1139;6;Deputado Federal;33;PMN;Partido da Mobilização Nacional;266;237;29;1;Apurada;1;Nominal;3333;TEN. CORONEL EMILIO;4;1000413;772.665.515.250.899.777.;477.301;C050F90C;26/09/2018 15:28;6 - 134;#NULO#;07/10/2018 08:00;07/10/2018 17:50;19;#NULO#;#NULO#
10/10/2018;19:38:23;2018;228;07/10/2018;1;297;Eleições Gerais Estaduais 2018;07/10/2018;AC;1538;SENADOR GUIOMARD;8;134;1139;6;Deputado Federal;36;PTC;Partido Trabalhista Cristão;266;237;29;1;Apurada;1;Nominal;3611;JUNIOR SANTIAGO;7;1000413;772.665.515.250.899.777.;477.301;C050F90C;26/09/2018 15:28;6 - 134;#NULO#;07/10/2018 08:00;07/10/2018 17:50;19;#NULO#;#NULO#
10/10/2018;19:38:23;2018;228;07/10/2018;1;297;Eleições Gerais Estaduais 2018;07/10/2018;AC;1538;SENADOR GUIOMARD;8;134;1139;6;Deputado Federal;40;PSB;Partido Socialista Brasileiro;266;237;29;1;Apurada;1;Nominal;4040;CÉSAR MESSIAS;7;1000413;772.665.515.250.899.777.;477.301;C050F90C;26/09/2018 15:28;6 - 134;#NULO#;07/10/2018 08:00;07/10/2018 17:50;19;#NULO#;#NULO#
10/10/2018;19:38:23;2018;228;07/10/2018;1;297;Eleições Gerais Estaduais 2018;07/10/2018;AC;1538;SENADOR GUIOMARD;8;134;1139;6;Deputado Federal;44;PRP;Partido Republicano Progressista;266;237;29;1;Apurada;4;Legenda;44;PRP;2;1000413;772.665.515.250.899.777.;477.301;C050F90C;26/09/2018 15:28;6 - 134;#NULO#;07/10/2018 08:00;07/10/2018 17:50;19;#NULO#;#NULO#
10/10/2018;19:38:23;2018;228;07/10/2018;1;297;Eleições Gerais Estaduais 2018;07/10/2018;AC;1538;SENADOR GUIOMARD;8;134;1139;6;Deputado Federal;45;PSDB;Partido da Social Democracia Brasileira;266;237;29;1;Apurada;1;Nominal;4545;MARA ROCHA;23;1000413;772.665.515.250.899.777.;477.301;C050F90C;26/09/2018 15:28;6 - 134;#NULO#;07/10/2018 08:00;07/10/2018 17:50;19;#NULO#;#NULO#
10/10/2018;19:38:23;2018;228;07/10/2018;1;297;Eleições Gerais Estaduais 2018;07/10/2018;AC;1538;SENADOR GUIOMARD;8;134;1139;6;Deputado Federal;45;PSDB;Partido da Social Democracia Brasileira;266;237;29;1;Apurada;4;Legenda;45;PSDB;1;1000413;772.665.515.250.899.777.;477.301;C050F90C;26/09/2018 15:28;6 - 134;#NULO#;07/10/2018 08:00;07/10/2018 17:50;19;#NULO#;#NULO#
10/10/2018;19:38:23;2018;228;07/10/2018;1;297;Eleições Gerais Estaduais 2018;07/10/2018;AC;1538;SENADOR GUIOMARD;8;134;1139;6;Deputado Federal;55;PSD;Partido Social Democrático;266;237;29;1;Apurada;1;Nominal;5555;MARIVALDO MELO;5;1000413;772.665.515.250.899.777.;477.301;C050F90C;26/09/2018 15:28;6 - 134;#NULO#;07/10/2018 08:00;07/10/2018 17:50;19;#NULO#;#NULO#
10/10/2018;19:38:23;2018;228;07/10/2018;1;297;Eleições Gerais Estaduais 2018;07/10/2018;AC;1538;SENADOR GUIOMARD;8;134;1139;6;Deputado Federal;55;PSD;Partido Social Democrático;266;237;29;1;Apurada;4;Legenda;55;PSD;4;1000413;772.665.515.250.899.777.;477.301;C050F90C;26/09/2018 15:28;6 - 134;#NULO#;07/10/2018 08:00;07/10/2018 17:50;19;#NULO#;#NULO#
10/10/2018;19:38:23;2018;228;07/10/2018;1;297;Eleições Gerais Estaduais 2018;07/10/2018;AC;1538;SENADOR GUIOMARD;8;134;1139;6;Deputado Federal;65;PC do B;Partido Comunista do Brasil;266;237;29;1;Apurada;1;Nominal;6513;PERPETUA ALMEIDA;4;1000413;772.665.515.250.899.777.;477.301;C050F90C;26/09/2018 15:28;6 - 134;#NULO#;07/10/2018 08:00;07/10/2018 17:50;19;#NULO#;#NULO#
10/10/2018;19:38:23;2018;228;07/10/2018;1;297;Eleições Gerais Estaduais 2018;07/10/2018;AC;1538;SENADOR GUIOMARD;8;134;1139;6;Deputado Federal;77;SOLIDARIEDADE;Solidariedade;266;237;29;1;Apurada;1;Nominal;7777;DRA. VANDA MILANI;61;1000413;772.665.515.250.899.777.;477.301;C050F90C;26/09/2018 15:28;6 - 134;#NULO#;07/10/2018 08:00;07/10/2018 17:50;19;#NULO#;#NULO#
10/10/2018;19:38:23;2018;228;07/10/2018;1;297;Eleições Gerais Estaduais 2018;07/10/2018;AC;1538;SENADOR GUIOMARD;8;134;1139;7;Deputado Estadual;#NULO#;#NULO#;#NULO#;266;237;29;1;Apurada;2;Branco;95;Branco;5;1000413;772.665.515.250.899.777.;477.301;C050F90C;26/09/2018 15:28;7 - 134;#NULO#;07/10/2018 08:00;07/10/2018 17:50;19;#NULO#;#NULO#
10/10/2018;19:38:23;2018;228;07/10/2018;1;297;Eleições Gerais Estaduais 2018;07/10/2018;AC;1538;SENADOR GUIOMARD;8;134;1139;7;Deputado Estadual;#NULO#;#NULO#;#NULO#;266;237;29;1;Apurada;3;Nulo;96;Nulo;4;1000413;772.665.515.250.899.777.;477.301;C050F90C;26/09/2018 15:28;7 - 134;#NULO#;07/10/2018 08:00;07/10/2018 17:50;19;#NULO#;#NULO#
10/10/2018;19:38:23;2018;228;07/10/2018;1;297;Eleições Gerais Estaduais 2018;07/10/2018;AC;1538;SENADOR GUIOMARD;8;134;1139;7;Deputado Estadual;10;PRB;Partido Republicano Brasileiro;266;237;29;1;Apurada;1;Nominal;10123;DOUTORA JULIANA;9;1000413;772.665.515.250.899.777.;477.301;C050F90C;26/09/2018 15:28;7 - 134;#NULO#;07/10/2018 08:00;07/10/2018 17:50;19;#NULO#;#NULO#
10/10/2018;19:38:23;2018;228;07/10/2018;1;297;Eleições Gerais Estaduais 2018;07/10/2018;AC;1538;SENADOR GUIOMARD;8;134;1139;7;Deputado Estadual;10;PRB;Partido Republicano Brasileiro;266;237;29;1;Apurada;1;Nominal;10248;DAYANE SANTOS;2;1000413;772.665.515.250.899.777.;477.301;C050F90C;26/09/2018 15:28;7 - 134;#NULO#;07/10/2018 08:00;07/10/2018 17:50;19;#NULO#;#NULO#
10/10/2018;19:38:23;2018;228;07/10/2018;1;297;Eleições Gerais Estaduais 2018;07/10/2018;AC;1538;SENADOR GUIOMARD;8;134;1139;7;Deputado Estadual;10;PRB;Partido Republicano Brasileiro;266;237;29;1;Apurada;1;Nominal;10777;ANDRE DA DROGA VALE;12;1000413;772.665.515.250.899.777.;477.301;C050F90C;26/09/2018 15:28;7 - 134;#NULO#;07/10/2018 08:00;07/10/2018 17:50;19;#NULO#;#NULO#
10/10/2018;19:38:23;2018;228;07/10/2018;1;297;Eleições Gerais Estaduais 2018;07/10/2018;AC;1538;SENADOR GUIOMARD;8;134;1139;7;Deputado Estadual;10;PRB;Partido Republicano Brasileiro;266;237;29;1;Apurada;4;Legenda;10;PRB;4;1000413;772.665.515.250.899.777.;477.301;C050F90C;26/09/2018 15:28;7 - 134;#NULO#;07/10/2018 08:00;07/10/2018 17:50;19;#NULO#;#NULO#
10/10/2018;19:38:23;2018;228;07/10/2018;1;297;Eleições Gerais Estaduais 2018;07/10/2018;AC;1538;SENADOR GUIOMARD;8;134;1139;7;Deputado Estadual;11;PP;Partido Progressista;266;237;29;1;Apurada;1;Nominal;11106;BESTENE;4;1000413;772.665.515.250.899.777.;477.301;C050F90C;26/09/2018 15:28;7 - 134;#NULO#;07/10/2018 08:00;07/10/2018 17:50;19;#NULO#;#NULO#
10/10/2018;19:38:23;2018;228;07/10/2018;1;297;Eleições Gerais Estaduais 2018;07/10/2018;AC;1538;SENADOR GUIOMARD;8;134;1139;7;Deputado Estadual;11;PP;Partido Progressista;266;237;29;1;Apurada;1;Nominal;11111;GERLEN DINIZ;6;1000413;772.665.515.250.899.777.;477.301;C050F90C;26/09/2018 15:28;7 - 134;#NULO#;07/10/2018 08:00;07/10/2018 17:50;19;#NULO#;#NULO#
10/10/2018;19:38:23;2018;228;07/10/2018;1;297;Eleições Gerais Estaduais 2018;07/10/2018;AC;1538;SENADOR GUIOMARD;8;134;1139;7;Deputado Estadual;11;PP;Partido Progressista;266;237;29;1;Apurada;1;Nominal;11122;NICOLAU JÚNIOR;4;1000413;772.665.515.250.899.777.;477.301;C050F90C;26/09/2018 15:28;7 - 134;#NULO#;07/10/2018 08:00;07/10/2018 17:50;19;#NULO#;#NULO#
10/10/2018;19:38:23;2018;228;07/10/2018;1;297;Eleições Gerais Estaduais 2018;07/10/2018;AC;1538;SENADOR GUIOMARD;8;134;1139;7;Deputado Estadual;11;PP;Partido Progressista;266;237;29;1;Apurada;1;Nominal;11190;SARGENTO DEINIFRANCE;1;1000413;772.665.515.250.899.777.;477.301;C050F90C;26/09/2018 15:28;7 - 134;#NULO#;07/10/2018 08:00;07/10/2018 17:50;19;#NULO#;#NULO#
10/10/2018;19:38:23;2018;228;07/10/2018;1;297;Eleições Gerais Estaduais 2018;07/10/2018;AC;1538;SENADOR GUIOMARD;8;134;1139;7;Deputado Estadual;11;PP;Partido Progressista;266;237;29;1;Apurada;1;Nominal;11222;DR. RIBAMAR;1;1000413;772.665.515.250.899.777.;477.301;C050F90C;26/09/2018 15:28;7 - 134;#NULO#;07/10/2018 08:00;07/10/2018 17:50;19;#NULO#;#NULO#
10/10/2018;19:38:23;2018;228;07/10/2018;1;297;Eleições Gerais Estaduais 2018;07/10/2018;AC;1538;SENADOR GUIOMARD;8;134;1139;7;Deputado Estadual;12;PDT;Partido Democrático Trabalhista;266;237;29;1;Apurada;1;Nominal;12123;TCHÊ;5;1000413;772.665.515.250.899.777.;477.301;C050F90C;26/09/2018 15:28;7 - 134;#NULO#;07/10/2018 08:00;07/10/2018 17:50;19;#NULO#;#NULO#
10/10/2018;19:38:23;2018;228;07/10/2018;1;297;Eleições Gerais Estaduais 2018;07/10/2018;AC;1538;SENADOR GUIOMARD;8;134;1139;7;Deputado Estadual;12;PDT;Partido Democrático Trabalhista;266;237;29;1;Apurada;1;Nominal;12222;AURÉLIO DA FARMÁCIA;6;1000413;772.665.515.250.899.777.;477.301;C050F90C;26/09/2018 15:28;7 - 134;#NULO#;07/10/2018 08:00;07/10/2018 17:50;19;#NULO#;#NULO#
10/10/2018;19:38:23;2018;228;07/10/2018;1;297;Eleições Gerais Estaduais 2018;07/10/2018;AC;1538;SENADOR GUIOMARD;8;134;1139;7;Deputado Estadual;12;PDT;Partido Democrático Trabalhista;266;237;29;1;Apurada;1;Nominal;12333;ARLENILSON CUNHA;2;1000413;772.665.515.250.899.777.;477.301;C050F90C;26/09/2018 15:28;7 - 134;#NULO#;07/10/2018 08:00;07/10/2018 17:50;19;#NULO#;#NULO#
10/10/2018;19:38:23;2018;228;07/10/2018;1;297;Eleições Gerais Estaduais 2018;07/10/2018;AC;1538;SENADOR GUIOMARD;8;134;1139;7;Deputado Estadual;12;PDT;Partido Democrático Trabalhista;266;237;29;1;Apurada;1;Nominal;12345;JANES PETECA;1;1000413;772.665.515.250.899.777.;477.301;C050F90C;26/09/2018 15:28;7 - 134;#NULO#;07/10/2018 08:00;07/10/2018 17:50;19;#NULO#;#NULO#
10/10/2018;19:38:23;2018;228;07/10/2018;1;297;Eleições Gerais Estaduais 2018;07/10/2018;AC;1538;SENADOR GUIOMARD;8;134;1139;7;Deputado Estadual;12;PDT;Partido Democrático Trabalhista;266;237;29;1;Apurada;1;Nominal;12777;RAFAEL ALMEIDA;1;1000413;772.665.515.250.899.777.;477.301;C050F90C;26/09/2018 15:28;7 - 134;#NULO#;07/10/2018 08:00;07/10/2018 17:50;19;#NULO#;#NULO#
10/10/2018;19:38:23;2018;228;07/10/2018;1;297;Eleições Gerais Estaduais 2018;07/10/2018;AC;1538;SENADOR GUIOMARD;8;134;1139;7;Deputado Estadual;13;PT;Partido dos Trabalhadores;266;237;29;1;Apurada;1;Nominal;13000;LOURIVAL MARQUES;1;1000413;772.665.515.250.899.777.;477.301;C050F90C;26/09/2018 15:28;7 - 134;#NULO#;07/10/2018 08:00;07/10/2018 17:50;19;#NULO#;#NULO#
10/10/2018;19:38:23;2018;228;07/10/2018;1;297;Eleições Gerais Estaduais 2018;07/10/2018;AC;1538;SENADOR GUIOMARD;8;134;1139;7;Deputado Estadual;13;PT;Partido dos Trabalhadores;266;237;29;1;Apurada;1;Nominal;13012;JONAS LIMA;1;1000413;772.665.515.250.899.777.;477.301;C050F90C;26/09/2018 15:28;7 - 134;#NULO#;07/10/2018 08:00;07/10/2018 17:50;19;#NULO#;#NULO#
10/10/2018;19:38:23;2018;228;07/10/2018;1;297;Eleições Gerais Estaduais 2018;07/10/2018;AC;1538;SENADOR GUIOMARD;8;134;1139;7;Deputado Estadual;13;PT;Partido dos Trabalhadores;266;237;29;1;Apurada;1;Nominal;13123;DANIEL ZEN;2;1000413;772.665.515.250.899.777.;477.301;C050F90C;26/09/2018 15:28;7 - 134;#NULO#;07/10/2018 08:00;07/10/2018 17:50;19;#NULO#;#NULO#
10/10/2018;19:38:23;2018;228;07/10/2018;1;297;Eleições Gerais Estaduais 2018;07/10/2018;AC;1538;SENADOR GUIOMARD;8;134;1139;7;Deputado Estadual;13;PT;Partido dos Trabalhadores;266;237;29;1;Apurada;1;Nominal;13131;TEMYLLIS SILVA;1;1000413;772.665.515.250.899.777.;477.301;C050F90C;26/09/2018 15:28;7 - 134;#NULO#;07/10/2018 08:00;07/10/2018 17:50;19;#NULO#;#NULO#
10/10/2018;19:38:23;2018;228;07/10/2018;1;297;Eleições Gerais Estaduais 2018;07/10/2018;AC;1538;SENADOR GUIOMARD;8;134;1139;7;Deputado Estadual;13;PT;Partido dos Trabalhadores;266;237;29;1;Apurada;1;Nominal;13690;TEREZINHA SANTANA;1;1000413;772.665.515.250.899.777.;477.301;C050F90C;26/09/2018 15:28;7 - 134;#NULO#;07/10/2018 08:00;07/10/2018 17:50;19;#NULO#;#NULO#
10/10/2018;19:38:23;2018;228;07/10/2018;1;297;Eleições Gerais Estaduais 2018;07/10/2018;AC;1538;SENADOR GUIOMARD;8;134;1139;7;Deputado Estadual;13;PT;Partido dos Trabalhadores;266;237;29;1;Apurada;1;Nominal;13777;DR. JAKSON RAMOS;4;1000413;772.665.515.250.899.777.;477.301;C050F90C;26/09/2018 15:28;7 - 134;#NULO#;07/10/2018 08:00;07/10/2018 17:50;19;#NULO#;#NULO#
10/10/2018;19:38:23;2018;228;07/10/2018;1;297;Eleições Gerais Estaduais 2018;07/10/2018;AC;1538;SENADOR GUIOMARD;8;134;1139;7;Deputado Estadual;13;PT;Partido dos Trabalhadores;266;237;29;1;Apurada;4;Legenda;13;PT;3;1000413;772.665.515.250.899.777.;477.301;C050F90C;26/09/2018 15:28;7 - 134;#NULO#;07/10/2018 08:00;07/10/2018 17:50;19;#NULO#;#NULO#
10/10/2018;19:38:23;2018;228;07/10/2018;1;297;Eleições Gerais Estaduais 2018;07/10/2018;AC;1538;SENADOR GUIOMARD;8;134;1139;7;Deputado Estadual;14;PTB;Partido Trabalhista Brasileiro;266;237;29;1;Apurada;1;Nominal;14014;CARLOS VALE;2;1000413;772.665.515.250.899.777.;477.301;C050F90C;26/09/2018 15:28;7 - 134;#NULO#;07/10/2018 08:00;07/10/2018 17:50;19;#NULO#;#NULO#
10/10/2018;19:38:23;2018;228;07/10/2018;1;297;Eleições Gerais Estaduais 2018;07/10/2018;AC;1538;SENADOR GUIOMARD;8;134;1139;7;Deputado Estadual;14;PTB;Partido Trabalhista Brasileiro;266;237;29;1;Apurada;1;Nominal;14233;FABIANO OLIVEIRA;2;1000413;772.665.515.250.899.777.;477.301;C050F90C;26/09/2018 15:28;7 - 134;#NULO#;07/10/2018 08:00;07/10/2018 17:50;19;#NULO#;#NULO#
10/10/2018;19:38:23;2018;228;07/10/2018;1;297;Eleições Gerais Estaduais 2018;07/10/2018;AC;1538;SENADOR GUIOMARD;8;134;1139;7;Deputado Estadual;14;PTB;Partido Trabalhista Brasileiro;266;237;29;1;Apurada;1;Nominal;14333;MARCUS CAVALCANTE;2;1000413;772.665.515.250.899.777.;477.301;C050F90C;26/09/2018 15:28;7 - 134;#NULO#;07/10/2018 08:00;07/10/2018 17:50;19;#NULO#;#NULO#
10/10/2018;19:38:23;2018;228;07/10/2018;1;297;Eleições Gerais Estaduais 2018;07/10/2018;AC;1538;SENADOR GUIOMARD;8;134;1139;7;Deputado Estadual;14;PTB;Partido Trabalhista Brasileiro;266;237;29;1;Apurada;1;Nominal;14444;BRANCO DO CALAFATE;1;1000413;772.665.515.250.899.777.;477.301;C050F90C;26/09/2018 15:28;7 - 134;#NULO#;07/10/2018 08:00;07/10/2018 17:50;19;#NULO#;#NULO#
10/10/2018;19:38:23;2018;228;07/10/2018;1;297;Eleições Gerais Estaduais 2018;07/10/2018;AC;1538;SENADOR GUIOMARD;8;134;1139;7;Deputado Estadual;14;PTB;Partido Trabalhista Brasileiro;266;237;29;1;Apurada;1;Nominal;14456;PROFESSOR SERGIO TORRES;1;1000413;772.665.515.250.899.777.;477.301;C050F90C;26/09/2018 15:28;7 - 134;#NULO#;07/10/2018 08:00;07/10/2018 17:50;19;#NULO#;#NULO#
10/10/2018;19:38:23;2018;228;07/10/2018;1;297;Eleições Gerais Estaduais 2018;07/10/2018;AC;1538;SENADOR GUIOMARD;8;134;1139;7;Deputado Estadual;15;MDB;Movimento Democrático Brasileiro;266;237;29;1;Apurada;1;Nominal;15000;ROBERTO DUARTE;2;1000413;772.665.515.250.899.777.;477.301;C050F90C;26/09/2018 15:28;7 - 134;#NULO#;07/10/2018 08:00;07/10/2018 17:50;19;#NULO#;#NULO#
10/10/2018;19:38:23;2018;228;07/10/2018;1;297;Eleições Gerais Estaduais 2018;07/10/2018;AC;1538;SENADOR GUIOMARD;8;134;1139;7;Deputado Estadual;15;MDB;Movimento Democrático Brasileiro;266;237;29;1;Apurada;1;Nominal;15111;MEIRE SERAFIM;22;1000413;772.665.515.250.899.777.;477.301;C050F90C;26/09/2018 15:28;7 - 134;#NULO#;07/10/2018 08:00;07/10/2018 17:50;19;#NULO#;#NULO#
10/10/2018;19:38:23;2018;228;07/10/2018;1;297;Eleições Gerais Estaduais 2018;07/10/2018;AC;1538;SENADOR GUIOMARD;8;134;1139;7;Deputado Estadual;15;MDB;Movimento Democrático Brasileiro;266;237;29;1;Apurada;1;Nominal;15555;ELIANE SINHASIQUE;1;1000413;772.665.515.250.899.777.;477.301;C050F90C;26/09/2018 15:28;7 - 134;#NULO#;07/10/2018 08:00;07/10/2018 17:50;19;#NULO#;#NULO#
10/10/2018;19:38:23;2018;228;07/10/2018;1;297;Eleições Gerais Estaduais 2018;07/10/2018;AC;1538;SENADOR GUIOMARD;8;134;1139;7;Deputado Estadual;15;MDB;Movimento Democrático Brasileiro;266;237;29;1;Apurada;4;Legenda;15;MDB;2;1000413;772.665.515.250.899.777.;477.301;C050F90C;26/09/2018 15:28;7 - 134;#NULO#;07/10/2018 08:00;07/10/2018 17:50;19;#NULO#;#NULO#
10/10/2018;19:38:23;2018;228;07/10/2018;1;297;Eleições Gerais Estaduais 2018;07/10/2018;AC;1538;SENADOR GUIOMARD;8;134;1139;7;Deputado Estadual;17;PSL;Partido Social Liberal;266;237;29;1;Apurada;1;Nominal;17111;MARIA DE JESUS;1;1000413;772.665.515.250.899.777.;477.301;C050F90C;26/09/2018 15:28;7 - 134;#NULO#;07/10/2018 08:00;07/10/2018 17:50;19;#NULO#;#NULO#
10/10/2018;19:38:23;2018;228;07/10/2018;1;297;Eleições Gerais Estaduais 2018;07/10/2018;AC;1538;SENADOR GUIOMARD;8;134;1139;7;Deputado Estadual;17;PSL;Partido Social Liberal;266;237;29;1;Apurada;1;Nominal;17555;WHENDY LIMA;1;1000413;772.665.515.250.899.777.;477.301;C050F90C;26/09/2018 15:28;7 - 134;#NULO#;07/10/2018 08:00;07/10/2018 17:50;19;#NULO#;#NULO#
10/10/2018;19:38:23;2018;228;07/10/2018;1;297;Eleições Gerais Estaduais 2018;07/10/2018;AC;1538;SENADOR GUIOMARD;8;134;1139;7;Deputado Estadual;17;PSL;Partido Social Liberal;266;237;29;1;Apurada;1;Nominal;17666;ED(KELL);1;1000413;772.665.515.250.899.777.;477.301;C050F90C;26/09/2018 15:28;7 - 134;#NULO#;07/10/2018 08:00;07/10/2018 17:50;19;#NULO#;#NULO#
10/10/2018;19:38:23;2018;228;07/10/2018;1;297;Eleições Gerais Estaduais 2018;07/10/2018;AC;1538;SENADOR GUIOMARD;8;134;1139;7;Deputado Estadual;17;PSL;Partido Social Liberal;266;237;29;1;Apurada;4;Legenda;17;PSL;1;1000413;772.665.515.250.899.777.;477.301;C050F90C;26/09/2018 15:28;7 - 134;#NULO#;07/10/2018 08:00;07/10/2018 17:50;19;#NULO#;#NULO#
10/10/2018;19:38:23;2018;228;07/10/2018;1;297;Eleições Gerais Estaduais 2018;07/10/2018;AC;1538;SENADOR GUIOMARD;8;134;1139;7;Deputado Estadual;19;PODE;Podemos;266;237;29;1;Apurada;1;Nominal;19100;RAIMUNDINHO DA SAÚDE;1;1000413;772.665.515.250.899.777.;477.301;C050F90C;26/09/2018 15:28;7 - 134;#NULO#;07/10/2018 08:00;07/10/2018 17:50;19;#NULO#;#NULO#
10/10/2018;19:38:23;2018;228;07/10/2018;1;297;Eleições Gerais Estaduais 2018;07/10/2018;AC;1538;SENADOR GUIOMARD;8;134;1139;7;Deputado Estadual;19;PODE;Podemos;266;237;29;1;Apurada;1;Nominal;19300;HEITOR JUNIOR;4;1000413;772.665.515.250.899.777.;477.301;C050F90C;26/09/2018 15:28;7 - 134;#NULO#;07/10/2018 08:00;07/10/2018 17:50;19;#NULO#;#NULO#
10/10/2018;19:38:23;2018;228;07/10/2018;1;297;Eleições Gerais Estaduais 2018;07/10/2018;AC;1538;SENADOR GUIOMARD;8;134;1139;7;Deputado Estadual;20;PSC;Partido Social Cristão;266;237;29;1;Apurada;1;Nominal;20444;CARLINHOS DA BR;2;1000413;772.665.515.250.899.777.;477.301;C050F90C;26/09/2018 15:28;7 - 134;#NULO#;07/10/2018 08:00;07/10/2018 17:50;19;#NULO#;#NULO#
10/10/2018;19:38:23;2018;228;07/10/2018;1;297;Eleições Gerais Estaduais 2018;07/10/2018;AC;1538;SENADOR GUIOMARD;8;134;1139;7;Deputado Estadual;22;PR;Partido da República;266;237;29;1;Apurada;1;Nominal;22222;RAIMUNDO VAZ;3;1000413;772.665.515.250.899.777.;477.301;C050F90C;26/09/2018 15:28;7 - 134;#NULO#;07/10/2018 08:00;07/10/2018 17:50;19;#NULO#;#NULO#
10/10/2018;19:38:23;2018;228;07/10/2018;1;297;Eleições Gerais Estaduais 2018;07/10/2018;AC;1538;SENADOR GUIOMARD;8;134;1139;7;Deputado Estadual;22;PR;Partido da República;266;237;29;1;Apurada;1;Nominal;22333;PASTOR WAGNER FELIPE;3;1000413;772.665.515.250.899.777.;477.301;C050F90C;26/09/2018 15:28;7 - 134;#NULO#;07/10/2018 08:00;07/10/2018 17:50;19;#NULO#;#NULO#
10/10/2018;19:38:23;2018;228;07/10/2018;1;297;Eleições Gerais Estaduais 2018;07/10/2018;AC;1538;SENADOR GUIOMARD;8;134;1139;7;Deputado Estadual;22;PR;Partido da República;266;237;29;1;Apurada;4;Legenda;22;PR;1;1000413;772.665.515.250.899.777.;477.301;C050F90C;26/09/2018 15:28;7 - 134;#NULO#;07/10/2018 08:00;07/10/2018 17:50;19;#NULO#;#NULO#
10/10/2018;19:38:23;2018;228;07/10/2018;1;297;Eleições Gerais Estaduais 2018;07/10/2018;AC;1538;SENADOR GUIOMARD;8;134;1139;7;Deputado Estadual;23;PPS;Partido Popular Socialista;266;237;29;1;Apurada;1;Nominal;23111;PAULAO;1;1000413;772.665.515.250.899.777.;477.301;C050F90C;26/09/2018 15:28;7 - 134;#NULO#;07/10/2018 08:00;07/10/2018 17:50;19;#NULO#;#NULO#
10/10/2018;19:38:23;2018;228;07/10/2018;1;297;Eleições Gerais Estaduais 2018;07/10/2018;AC;1538;SENADOR GUIOMARD;8;134;1139;7;Deputado Estadual;23;PPS;Partido Popular Socialista;266;237;29;1;Apurada;1;Nominal;23444;JOSE MASTRANGELO;2;1000413;772.665.515.250.899.777.;477.301;C050F90C;26/09/2018 15:28;7 - 134;#NULO#;07/10/2018 08:00;07/10/2018 17:50;19;#NULO#;#NULO#
10/10/2018;19:38:23;2018;228;07/10/2018;1;297;Eleições Gerais Estaduais 2018;07/10/2018;AC;1538;SENADOR GUIOMARD;8;134;1139;7;Deputado Estadual;25;DEM;Democratas;266;237;29;1;Apurada;1;Nominal;25000;NELSON DA VITORIA;1;1000413;772.665.515.250.899.777.;477.301;C050F90C;26/09/2018 15:28;7 - 134;#NULO#;07/10/2018 08:00;07/10/2018 17:50;19;#NULO#;#NULO#
10/10/2018;19:38:23;2018;228;07/10/2018;1;297;Eleições Gerais Estaduais 2018;07/10/2018;AC;1538;SENADOR GUIOMARD;8;134;1139;7;Deputado Estadual;25;DEM;Democratas;266;237;29;1;Apurada;1;Nominal;25456;ANTONIO PEDRO;2;1000413;772.665.515.250.899.777.;477.301;C050F90C;26/09/2018 15:28;7 - 134;#NULO#;07/10/2018 08:00;07/10/2018 17:50;19;#NULO#;#NULO#
10/10/2018;19:38:23;2018;228;07/10/2018;1;297;Eleições Gerais Estaduais 2018;07/10/2018;AC;1538;SENADOR GUIOMARD;8;134;1139;7;Deputado Estadual;27;DC;Democracia Cristã;266;237;29;1;Apurada;1;Nominal;27007;LAURO JUNIOR;2;1000413;772.665.515.250.899.777.;477.301;C050F90C;26/09/2018 15:28;7 - 134;#NULO#;07/10/2018 08:00;07/10/2018 17:50;19;#NULO#;#NULO#
10/10/2018;19:38:23;2018;228;07/10/2018;1;297;Eleições Gerais Estaduais 2018;07/10/2018;AC;1538;SENADOR GUIOMARD;8;134;1139;7;Deputado Estadual;27;DC;Democracia Cristã;266;237;29;1;Apurada;4;Legenda;27;DC;1;1000413;772.665.515.250.899.777.;477.301;C050F90C;26/09/2018 15:28;7 - 134;#NULO#;07/10/2018 08:00;07/10/2018 17:50;19;#NULO#;#NULO#
10/10/2018;19:38:23;2018;228;07/10/2018;1;297;Eleições Gerais Estaduais 2018;07/10/2018;AC;1538;SENADOR GUIOMARD;8;134;1139;7;Deputado Estadual;31;PHS;Partido Humanista da Solidariedade;266;237;29;1;Apurada;1;Nominal;31444;CHICO VIGA;1;1000413;772.665.515.250.899.777.;477.301;C050F90C;26/09/2018 15:28;7 - 134;#NULO#;07/10/2018 08:00;07/10/2018 17:50;19;#NULO#;#NULO#
10/10/2018;19:38:23;2018;228;07/10/2018;1;297;Eleições Gerais Estaduais 2018;07/10/2018;AC;1538;SENADOR GUIOMARD;8;134;1139;7;Deputado Estadual;33;PMN;Partido da Mobilização Nacional;266;237;29;1;Apurada;1;Nominal;33333;EDEMILSON SOUZA;1;1000413;772.665.515.250.899.777.;477.301;C050F90C;26/09/2018 15:28;7 - 134;#NULO#;07/10/2018 08:00;07/10/2018 17:50;19;#NULO#;#NULO#
10/10/2018;19:38:23;2018;228;07/10/2018;1;297;Eleições Gerais Estaduais 2018;07/10/2018;AC;1538;SENADOR GUIOMARD;8;134;1139;7;Deputado Estadual;35;PMB;Partido da Mulher Brasileira;266;237;29;1;Apurada;1;Nominal;35000;ZE CARLOS;1;1000413;772.665.515.250.899.777.;477.301;C050F90C;26/09/2018 15:28;7 - 134;#NULO#;07/10/2018 08:00;07/10/2018 17:50;19;#NULO#;#NULO#
10/10/2018;19:38:23;2018;228;07/10/2018;1;297;Eleições Gerais Estaduais 2018;07/10/2018;AC;1538;SENADOR GUIOMARD;8;134;1139;7;Deputado Estadual;35;PMB;Partido da Mulher Brasileira;266;237;29;1;Apurada;1;Nominal;35193;BOMBEIRO BRITO;1;1000413;772.665.515.250.899.777.;477.301;C050F90C;26/09/2018 15:28;7 - 134;#NULO#;07/10/2018 08:00;07/10/2018 17:50;19;#NULO#;#NULO#
10/10/2018;19:38:23;2018;228;07/10/2018;1;297;Eleições Gerais Estaduais 2018;07/10/2018;AC;1538;SENADOR GUIOMARD;8;134;1139;7;Deputado Estadual;36;PTC;Partido Trabalhista Cristão;266;237;29;1;Apurada;1;Nominal;36000;SANTIAGO;2;1000413;772.665.515.250.899.777.;477.301;C050F90C;26/09/2018 15:28;7 - 134;#NULO#;07/10/2018 08:00;07/10/2018 17:50;19;#NULO#;#NULO#
10/10/2018;19:38:23;2018;228;07/10/2018;1;297;Eleições Gerais Estaduais 2018;07/10/2018;AC;1538;SENADOR GUIOMARD;8;134;1139;7;Deputado Estadual;40;PSB;Partido Socialista Brasileiro;266;237;29;1;Apurada;1;Nominal;40040;ROBERTO DO ESPERANÇA;2;1000413;772.665.515.250.899.777.;477.301;C050F90C;26/09/2018 15:28;7 - 134;#NULO#;07/10/2018 08:00;07/10/2018 17:50;19;#NULO#;#NULO#
10/10/2018;19:38:23;2018;228;07/10/2018;1;297;Eleições Gerais Estaduais 2018;07/10/2018;AC;1538;SENADOR GUIOMARD;8;134;1139;7;Deputado Estadual;40;PSB;Partido Socialista Brasileiro;266;237;29;1;Apurada;1;Nominal;40123;CARLA BRITTO;2;1000413;772.665.515.250.899.777.;477.301;C050F90C;26/09/2018 15:28;7 - 134;#NULO#;07/10/2018 08:00;07/10/2018 17:50;19;#NULO#;#NULO#
10/10/2018;19:38:23;2018;228;07/10/2018;1;297;Eleições Gerais Estaduais 2018;07/10/2018;AC;1538;SENADOR GUIOMARD;8;134;1139;7;Deputado Estadual;40;PSB;Partido Socialista Brasileiro;266;237;29;1;Apurada;1;Nominal;40234;MANOEL MORAES;2;1000413;772.665.515.250.899.777.;477.301;C050F90C;26/09/2018 15:28;7 - 134;#NULO#;07/10/2018 08:00;07/10/2018 17:50;19;#NULO#;#NULO#
10/10/2018;19:38:23;2018;228;07/10/2018;1;297;Eleições Gerais Estaduais 2018;07/10/2018;AC;1538;SENADOR GUIOMARD;8;134;1139;7;Deputado Estadual;44;PRP;Partido Republicano Progressista;266;237;29;1;Apurada;1;Nominal;44100;LOY REGO;1;1000413;772.665.515.250.899.777.;477.301;C050F90C;26/09/2018 15:28;7 - 134;#NULO#;07/10/2018 08:00;07/10/2018 17:50;19;#NULO#;#NULO#
10/10/2018;19:38:23;2018;228;07/10/2018;1;297;Eleições Gerais Estaduais 2018;07/10/2018;AC;1538;SENADOR GUIOMARD;8;134;1139;7;Deputado Estadual;44;PRP;Partido Republicano Progressista;266;237;29;1;Apurada;1;Nominal;44333;BUIU;2;1000413;772.665.515.250.899.777.;477.301;C050F90C;26/09/2018 15:28;7 - 134;#NULO#;07/10/2018 08:00;07/10/2018 17:50;19;#NULO#;#NULO#
10/10/2018;19:38:23;2018;228;07/10/2018;1;297;Eleições Gerais Estaduais 2018;07/10/2018;AC;1538;SENADOR GUIOMARD;8;134;1139;7;Deputado Estadual;44;PRP;Partido Republicano Progressista;266;237;29;1;Apurada;1;Nominal;44900;JULINHO JR.;1;1000413;772.665.515.250.899.777.;477.301;C050F90C;26/09/2018 15:28;7 - 134;#NULO#;07/10/2018 08:00;07/10/2018 17:50;19;#NULO#;#NULO#
10/10/2018;19:38:23;2018;228;07/10/2018;1;297;Eleições Gerais Estaduais 2018;07/10/2018;AC;1538;SENADOR GUIOMARD;8;134;1139;7;Deputado Estadual;45;PSDB;Partido da Social Democracia Brasileira;266;237;29;1;Apurada;1;Nominal;45100;BRANCA MENEZES;17;1000413;772.665.515.250.899.777.;477.301;C050F90C;26/09/2018 15:28;7 - 134;#NULO#;07/10/2018 08:00;07/10/2018 17:50;19;#NULO#;#NULO#
10/10/2018;19:38:23;2018;228;07/10/2018;1;297;Eleições Gerais Estaduais 2018;07/10/2018;AC;1538;SENADOR GUIOMARD;8;134;1139;7;Deputado Estadual;45;PSDB;Partido da Social Democracia Brasileira;266;237;29;1;Apurada;1;Nominal;45120;ZEZINHO PACHECO;2;1000413;772.665.515.250.899.777.;477.301;C050F90C;26/09/2018 15:28;7 - 134;#NULO#;07/10/2018 08:00;07/10/2018 17:50;19;#NULO#;#NULO#
10/10/2018;19:38:23;2018;228;07/10/2018;1;297;Eleições Gerais Estaduais 2018;07/10/2018;AC;1538;SENADOR GUIOMARD;8;134;1139;7;Deputado Estadual;45;PSDB;Partido da Social Democracia Brasileira;266;237;29;1;Apurada;1;Nominal;45190;SGT CADMIEL BOMFIM;2;1000413;772.665.515.250.899.777.;477.301;C050F90C;26/09/2018 15:28;7 - 134;#NULO#;07/10/2018 08:00;07/10/2018 17:50;19;#NULO#;#NULO#
10/10/2018;19:38:23;2018;228;07/10/2018;1;297;Eleições Gerais Estaduais 2018;07/10/2018;AC;1538;SENADOR GUIOMARD;8;134;1139;7;Deputado Estadual;45;PSDB;Partido da Social Democracia Brasileira;266;237;29;1;Apurada;1;Nominal;45324;ANTONIA DO LANCHE;2;1000413;772.665.515.250.899.777.;477.301;C050F90C;26/09/2018 15:28;7 - 134;#NULO#;07/10/2018 08:00;07/10/2018 17:50;19;#NULO#;#NULO#
10/10/2018;19:38:23;2018;228;07/10/2018;1;297;Eleições Gerais Estaduais 2018;07/10/2018;AC;1538;SENADOR GUIOMARD;8;134;1139;7;Deputado Estadual;45;PSDB;Partido da Social Democracia Brasileira;266;237;29;1;Apurada;1;Nominal;45777;PROF. CARLOS ALBERTO;1;1000413;772.665.515.250.899.777.;477.301;C050F90C;26/09/2018 15:28;7 - 134;#NULO#;07/10/2018 08:00;07/10/2018 17:50;19;#NULO#;#NULO#
10/10/2018;19:38:23;2018;228;07/10/2018;1;297;Eleições Gerais Estaduais 2018;07/10/2018;AC;1538;SENADOR GUIOMARD;8;134;1139;7;Deputado Estadual;45;PSDB;Partido da Social Democracia Brasileira;266;237;29;1;Apurada;4;Legenda;45;PSDB;1;1000413;772.665.515.250.899.777.;477.301;C050F90C;26/09/2018 15:28;7 - 134;#NULO#;07/10/2018 08:00;07/10/2018 17:50;19;#NULO#;#NULO#
10/10/2018;19:38:23;2018;228;07/10/2018;1;297;Eleições Gerais Estaduais 2018;07/10/2018;AC;1538;SENADOR GUIOMARD;8;134;1139;7;Deputado Estadual;51;PATRI;Patriota;266;237;29;1;Apurada;1;Nominal;51123;CÉLIO NOGUEIRA;1;1000413;772.665.515.250.899.777.;477.301;C050F90C;26/09/2018 15:28;7 - 134;#NULO#;07/10/2018 08:00;07/10/2018 17:50;19;#NULO#;#NULO#
10/10/2018;19:38:23;2018;228;07/10/2018;1;297;Eleições Gerais Estaduais 2018;07/10/2018;AC;1538;SENADOR GUIOMARD;8;134;1139;7;Deputado Estadual;55;PSD;Partido Social Democrático;266;237;29;1;Apurada;1;Nominal;55123;JAIRO CARVALHO;21;1000413;772.665.515.250.899.777.;477.301;C050F90C;26/09/2018 15:28;7 - 134;#NULO#;07/10/2018 08:00;07/10/2018 17:50;19;#NULO#;#NULO#
10/10/2018;19:38:23;2018;228;07/10/2018;1;297;Eleições Gerais Estaduais 2018;07/10/2018;AC;1538;SENADOR GUIOMARD;8;134;1139;7;Deputado Estadual;55;PSD;Partido Social Democrático;266;237;29;1;Apurada;1;Nominal;55612;JUSCELINO FRANÇA;2;1000413;772.665.515.250.899.777.;477.301;C050F90C;26/09/2018 15:28;7 - 134;#NULO#;07/10/2018 08:00;07/10/2018 17:50;19;#NULO#;#NULO#
10/10/2018;19:38:23;2018;228;07/10/2018;1;297;Eleições Gerais Estaduais 2018;07/10/2018;AC;1538;SENADOR GUIOMARD;8;134;1139;7;Deputado Estadual;55;PSD;Partido Social Democrático;266;237;29;1;Apurada;4;Legenda;55;PSD;3;1000413;772.665.515.250.899.777.;477.301;C050F90C;26/09/2018 15:28;7 - 134;#NULO#;07/10/2018 08:00;07/10/2018 17:50;19;#NULO#;#NULO#
10/10/2018;19:38:23;2018;228;07/10/2018;1;297;Eleições Gerais Estaduais 2018;07/10/2018;AC;1538;SENADOR GUIOMARD;8;134;1139;7;Deputado Estadual;77;SOLIDARIEDADE;Solidariedade;266;237;29;1;Apurada;1;Nominal;77007;DELEGADO WALTER PRADO;2;1000413;772.665.515.250.899.777.;477.301;C050F90C;26/09/2018 15:28;7 - 134;#NULO#;07/10/2018 08:00;07/10/2018 17:50;19;#NULO#;#NULO#
10/10/2018;19:38:23;2018;228;07/10/2018;1;297;Eleições Gerais Estaduais 2018;07/10/2018;AC;1538;SENADOR GUIOMARD;8;134;1139;7;Deputado Estadual;77;SOLIDARIEDADE;Solidariedade;266;237;29;1;Apurada;1;Nominal;77012;ANDRÉ HASSEM;2;1000413;772.665.515.250.899.777.;477.301;C050F90C;26/09/2018 15:28;7 - 134;#NULO#;07/10/2018 08:00;07/10/2018 17:50;19;#NULO#;#NULO#
10/10/2018;19:38:23;2018;228;07/10/2018;1;297;Eleições Gerais Estaduais 2018;07/10/2018;AC;1538;SENADOR GUIOMARD;8;134;1139;7;Deputado Estadual;77;SOLIDARIEDADE;Solidariedade;266;237;29;1;Apurada;1;Nominal;77123;NENEM ALMEIDA;1;1000413;772.665.515.250.899.777.;477.301;C050F90C;26/09/2018 15:28;7 - 134;#NULO#;07/10/2018 08:00;07/10/2018 17:50;19;#NULO#;#NULO#
10/10/2018;19:38:23;2018;228;07/10/2018;1;297;Eleições Gerais Estaduais 2018;07/10/2018;AC;1538;SENADOR GUIOMARD;8;134;1139;7;Deputado Estadual;77;SOLIDARIEDADE;Solidariedade;266;237;29;1;Apurada;1;Nominal;77333;DR. ISAIAS JÚNIOR;3;1000413;772.665.515.250.899.777.;477.301;C050F90C;26/09/2018 15:28;7 - 134;#NULO#;07/10/2018 08:00;07/10/2018 17:50;19;#NULO#;#NULO#
10/10/2018;19:38:23;2018;228;07/10/2018;1;297;Eleições Gerais Estaduais 2018;07/10/2018;AC;1538;SENADOR GUIOMARD;8;134;1139;7;Deputado Estadual;77;SOLIDARIEDADE;Solidariedade;266;237;29;1;Apurada;1;Nominal;77456;TAMPINHA BITTAR;2;1000413;772.665.515.250.899.777.;477.301;C050F90C;26/09/2018 15:28;7 - 134;#NULO#;07/10/2018 08:00;07/10/2018 17:50;19;#NULO#;#NULO#
10/10/2018;19:38:23;2018;228;07/10/2018;1;297;Eleições Gerais Estaduais 2018;07/10/2018;AC;1538;SENADOR GUIOMARD;8;134;1139;7;Deputado Estadual;77;SOLIDARIEDADE;Solidariedade;266;237;29;1;Apurada;1;Nominal;77777;JOSEMIR ANUTE;7;1000413;772.665.515.250.899.777.;477.301;C050F90C;26/09/2018 15:28;7 - 134;#NULO#;07/10/2018 08:00;07/10/2018 17:50;19;#NULO#;#NULO#
10/10/2018;19:38:23;2018;228;07/10/2018;1;297;Eleições Gerais Estaduais 2018;07/10/2018;AC;1538;SENADOR GUIOMARD;8;134;1139;7;Deputado Estadual;77;SOLIDARIEDADE;Solidariedade;266;237;29;1;Apurada;1;Nominal;77888;ENFERMEIRO JOÃO BATISTA;9;1000413;772.665.515.250.899.777.;477.301;C050F90C;26/09/2018 15:28;7 - 134;#NULO#;07/10/2018 08:00;07/10/2018 17:50;19;#NULO#;#NULO#
10/10/2018;19:38:23;2018;228;07/10/2018;1;297;Eleições Gerais Estaduais 2018;07/10/2018;AC;1538;SENADOR GUIOMARD;8;134;1139;7;Deputado Estadual;77;SOLIDARIEDADE;Solidariedade;266;237;29;1;Apurada;4;Legenda;77;SOLIDARIEDADE;1;1000413;772.665.515.250.899.777.;477.301;C050F90C;26/09/2018 15:28;7 - 134;#NULO#;07/10/2018 08:00;07/10/2018 17:50;19;#NULO#;#NULO#
